Sample_ID,Biomass_Type,Class,Subclass,Ash_db,VM_db,FC_db,C_db,H_db,N_db,S_db,O_db,CV_MJ/kg_db,Na2O,MgO,Al2O3,SiO2,P2O5,K2O3,CaO,TiO2,Mn3O4,Fe2O3,Other,State,Longitude,Latitude
1,Industrial Processing,Timber industry,Woodchips (Softwood),1.1,81.0,17.9,48.6,6.26,0.2,0.01,43.83,20.55,0.84,4.93,4.73,16.1,0.39,4.15,32.6,0.48,0.91,3.63,31.24,NSW,151.7006,-32.1932
3,Agricultural,Animal farming,Chicken manure pellets,32.7,56.2,11.1,30.0,3.91,3.94,0.72,28.73,12.41,1.63,3.91,2.68,22.7,18.3,7.4,35.4,0.19,0.26,1.9,5.63,NSW,,
4,Urban Waste,Biosolids,Treated biosolids,42.8,52.0,5.2,24.7,4.35,4.61,0.67,22.87,12.66,0.37,1.73,12.8,28.9,15.5,1.35,2.48,0.69,0.15,25.7,10.33,NSW,150.8889793,-33.72839216
5,Industrial Processing,Paper industry,Paper sludge,26.2,64.2,9.6,32.4,4.96,0.47,0.17,35.8,14.14,0.27,2.56,22.2,33.9,0.41,0.55,18.1,1.91,0.03,2.06,18.01,NSW,,
6,Industrial Processing,Cotton Industry,Cotton seed hulls,1.9,77.9,20.2,32.5,6.02,0.45,0.05,59.08,18.28,0.57,6.68,0.75,3.6,2.83,37.4,4.17,0.05,0.07,0.91,42.97,NSW,149.7709993,-30.21985604
7,Industrial Processing,Rice industry,Rice hulls,26.1,58.8,15.1,31.1,4.59,0.27,0.04,37.9,14.01,0.12,0.36,0.28,88.9,0.27,1.67,0.38,0.01,0.13,0.49,7.39,NSW,146.4018542,-34.62489477
8,Urban Waste,Green waste,Raw Green waste,53.5,33.5,13.0,21.7,2.37,1.85,0.64,19.94,9.82,1.61,1.81,7.56,62.4,2.51,5.25,4.91,0.79,0.15,4.35,8.66,NSW,150.7992,-34.4638
9,Industrial Processing,Sugar industry,Bagasse,32.0,56.0,12.0,31.0,4.09,0.61,0.07,32.23,13.35,1.56,1.02,10.8,72.5,0.39,2.79,1.34,0.67,0.13,3.46,5.34,NSW,,
10,Agricultural,Crop farming,Sugar cane trash,48.2,39.3,12.5,23.4,3.0,1.07,0.15,24.18,10.65,1.43,1.56,10.3,69.5,0.85,4.37,1.81,0.73,0.31,3.87,5.27,NSW,,
11,Industrial Processing,Timber industry,Residues (Softwood),0.2,85.4,14.4,46.6,6.47,0.14,0.01,46.58,19.0,0.22,9.08,4.0,12.9,2.67,23.3,15.2,0.12,4.12,1.55,26.84,NSW,149.8493297,-33.69270116
14,Urban Waste,Green waste,Green waste chips,1.6,82.7,15.7,47.8,5.97,0.14,0.02,44.47,18.92,1.77,3.06,7.53,53.0,1.06,2.35,8.62,0.95,0.24,17.5,3.92,NSW,152.2107722,-31.92521006
15,Forestry,Stem,Hardwood (Blackbutt),0.4,84.4,15.2,48.9,6.05,0.12,0.01,44.52,19.34,2.39,4.32,8.47,37.3,2.68,3.92,13.8,0.42,0.57,22.7,3.43,NSW,,
16,Agricultural,Mixed,Chicken manure and rice hulls,31.7,51.4,16.9,31.3,4.18,4.06,0.81,27.95,13.49,3.04,4.97,1.18,28.9,24.6,9.22,20.2,0.07,0.31,1.36,6.15,NSW,,
17,Agricultural,Crop farming,Rice straw,19.3,67.0,13.7,37.1,5.05,0.55,0.05,37.95,14.73,0.3,1.43,0.51,77.7,0.29,8.67,1.86,0.03,0.32,2.82,6.07,NSW,146.4018542,-34.62489477
18,Industrial Processing,Rice industry,Rice grain,1.7,87.2,11.1,43.3,6.77,1.37,0.08,46.78,18.26,0.06,14.0,0.3,6.5,48.5,21.1,0.93,0.025,0.34,0.2,8.04,NSW,146.4018542,-34.62489477
19,Industrial Processing,Wheat industry,Wheat grain,1.7,83.8,14.5,43.7,6.7,2.1,0.12,45.68,18.57,0.06,14.4,0.08,1.09,46.7,30.4,4.14,0.01,0.37,1.4,1.35,NSW,,
20,Industrial Processing,Timber industry,Sawdust (Softwood),0.8,83.3,15.9,48.8,6.22,0.13,0.02,44.03,19.44,1.26,5.85,7.59,28.4,5.18,14.9,10.5,0.63,1.58,16.1,8.01,NSW,149.8493297,-33.69270116
21,Industrial Processing,Timber industry,Residues (Mimosa pigra),4.0,80.7,15.3,49.0,5.69,0.38,0.09,40.84,18.99,0.92,2.29,3.6,58.8,0.87,5.3,7.0,0.83,0.14,9.3,10.95,NT,131.1036,-13.2361
22,Forestry,Bark,Hardwood (Eucalyptus),1.8,80.1,18.1,47.7,5.73,0.32,0.38,44.07,18.53,6.1,7.0,0.59,1.44,5.0,18.3,12.1,0.43,0.14,1.74,47.16,VIC,145.3977618,-36.3723079
23,Forestry,Leaf/twig,Hardwood (Eucalyptus),3.9,76.6,19.5,55.1,6.08,2.0,0.4,32.52,22.66,11.9,7.6,0.95,3.74,6.1,17.5,18.3,0.07,0.46,0.8,32.58,VIC,145.3977618,-36.3723079
24,Forestry,Leaf/twig,Hardwood (Eucalyptus),1.8,80.3,17.9,48.9,5.8,0.43,0.28,42.79,19.24,10.0,7.6,0.46,1.01,3.6,17.7,17.9,0.44,0.35,4.0,36.94,VIC,145.3977618,-36.3723079
25,Forestry,Mixed,Hardwood (Eucalyptus),1.3,82.2,16.5,49.6,5.9,0.52,0.22,42.46,19.41,15.9,9.3,0.39,1.42,4.3,12.6,16.4,0.08,0.25,1.49,37.87,VIC,145.3977618,-36.3723079
26,Forestry,Mixed,Hardwood (Eucalyptus),1.9,81.1,17.0,50.1,5.94,0.5,0.24,41.32,19.9,10.6,7.7,0.93,4.2,4.1,15.5,20.4,0.07,0.33,1.87,34.3,VIC,145.3977618,-36.3723079
27,Forestry,Stem,Hardwood (Eucalyptus),0.7,84.9,14.4,48.8,5.92,0.29,0.15,44.14,18.86,8.1,10.2,0.51,1.08,4.6,18.0,13.9,0.76,0.27,5.0,37.58,VIC,145.3977618,-36.3723079
28,Forestry,Stem,Hardwood (Eucalyptus),0.9,84.3,14.8,52.3,5.6,0.32,0.15,40.73,20.27,7.0,8.1,0.7,1.67,5.8,21.1,14.0,0.5,0.16,2.01,38.96,VIC,145.3977618,-36.3723079
29,Forestry,Stem,Hardwood (Eucalyptus),0.9,84.5,14.6,49.4,5.93,0.2,0.11,43.46,19.08,7.4,5.0,1.06,2.97,4.3,20.5,10.9,0.94,0.16,5.3,41.47,VIC,145.3977618,-36.3723079
30,Industrial Processing,Timber industry,Woodchips (Hardwood),0.9,85.2,13.9,50.1,5.99,0.12,0.01,42.88,19.57,0.97,11.3,2.46,20.6,1.48,12.4,14.6,0.5,0.31,4.7,30.68,NSW,153.4499355,-28.95409454
31,Forestry,Branch,Hardwood (Acacia saligna),1.6,80.6,17.8,48.9,5.84,0.58,0.08,43.0,19.0,0.7,12.1,0.3,0.4,3.9,22.7,26.6,0.01,0.03,0.16,33.1,WA,115.9279348,-31.55747342
32,Forestry,Stem,Hardwood (Acacia saligna),0.7,85.2,14.1,49.3,5.92,0.16,0.07,43.85,18.83,4.1,6.9,0.9,1.8,1.9,22.3,25.2,0.02,0.03,0.95,35.9,WA,115.9279348,-31.55747342
33,Forestry,Bark,Hardwood (Acacia saligna),3.3,73.2,23.5,50.1,5.44,0.75,0.23,40.18,19.04,1.1,5.7,0.34,1.1,0.9,7.0,42.0,0.02,0.01,0.21,41.62,WA,115.9279348,-31.55747342
34,Forestry,Leaf/twig,Hardwood (Acacia saligna),6.1,74.1,19.8,49.3,5.74,2.51,0.54,35.81,19.5,0.9,8.1,0.3,3.3,4.0,13.1,32.0,0.02,0.06,0.2,38.02,WA,115.9279348,-31.55747342
36,Industrial Processing,Sugar industry,Bagasse,5.8,79.0,15.2,45.3,5.4,0.3,0.1,43.1,19.34,,,,,,,,,,,,NSW,,
37,Agricultural,Crop farming,Sugar cane trash,9.6,82.0,8.4,42.9,5.5,0.6,0.1,41.3,17.99,,,,,,,,,,,,NSW,,
38,Urban Waste,Green waste,Raw Green waste,2.9,78.0,19.1,47.0,5.6,0.3,0.1,44.1,20.32,,,,,,,,,,,,NSW,,
39,Industrial Processing,Timber industry,Woodchips (Softwood),0.8,85.0,14.2,50.3,6.1,0.1,0.2,42.5,19.95,,,,,,,,,,,,NSW,,
40,Industrial Processing,Timber industry,Sawdust (Softwood),0.6,85.0,14.4,49.0,5.9,0.3,0.1,44.1,19.52,,,,,,,,,,,,NSW,,
41,Industrial Processing,Timber industry,Sawdust (Hardwood),4.3,80.0,15.7,48.2,5.3,0.0,0.0,42.2,19.02,,,,,,,,,,,,NSW,,
44,Industrial Processing,Cotton Industry,Cotton gin trash,7.8,77.1,15.1,45.7,6.03,1.54,0.18,38.75,18.02,,,,,,,,,,,,NSW,149.7709993,-30.21985604
45,Industrial Processing,Cotton Industry,Cotton gin trash,11.0,68.5,20.5,43.8,5.07,1.62,0.19,38.32,16.17,0.85,4.4,9.7,41.5,5.3,14.3,15.1,0.48,0.09,3.7,4.58,NSW,149.817368,-29.32557846
46,Agricultural,Crop farming,Cotton stalks,6.1,,,,,,,,17.7,2.1,4.7,10.4,48.9,2.8,12.0,10.8,0.65,0.09,4.5,3.06,NSW,149.817368,-29.32557846
47,Industrial Processing,Timber industry,Residues (Mimosa pigra),2.4,78.8,18.8,,,,,,19.25,,,,,,,,,,,,NT,131.1036,-13.2361
48,Industrial Processing,Timber industry,Residues (Mimosa pigra),4.0,76.3,19.7,,,,,,19.39,,,,,,,,,,,,NT,131.1036,-13.2361
49,Urban Waste,Green waste,Raw Green waste,30.9,53.9,15.2,34.4,3.7,0.6,0.09,30.31,,0.99,1.3,7.6,78.1,0.62,2.3,3.6,0.56,0.06,4.8,0.07,NSW,150.7992,-34.4638
50,Agricultural,Animal farming,Chicken manure,20.5,,,31.1,3.54,3.89,0.3,40.67,,,,,,,,,,,,,NSW,151.3416153,-33.42225727
51,Urban waste,MSW,MSW (Whole),33.1,56.4,10.4,38.9,5.26,0.7,0.08,21.96,,1.4,0.82,11.0,72.5,1.1,1.3,5.6,1.1,0.03,4.8,0.35,NSW,,
52,Industrial Processing,Rice industry,Rice hulls,22.2,,,38.6,4.73,0.2,0.03,34.24,15.23,0.29,0.25,0.32,93.8,0.35,2.4,0.57,0.01,0.26,1.7,0.05,NSW,144.850579,-35.55444586
54,Industrial Processing,Other,Coffee grounds,1.1,70.0,28.9,57.8,7.6,1.7,0.1,31.7,25.9,,,,,,,,,,,,NSW,,
55,Forestry,Mixed,Hardwood (Eucalyptus),1.0,81.0,18.0,49.0,5.0,0.0,0.0,45.0,20.0,,,,,,,,,,,,WA,117.4605272,-33.5703198
56,Forestry,Mixed,Hardwood (Eucalyptus),2.0,80.0,18.0,49.0,6.0,0.0,0.0,43.0,19.0,,,,,,,,,,,,WA,116.51376,-33.74194976
57,Forestry,Mixed,Hardwood (Eucalyptus),2.4,78.6,19.0,48.7,5.83,0.32,0.05,42.7,19.72,8.9,7.2,0.61,1.31,2.2,8.6,31.2,0.03,0.27,0.28,39.4,WA,117.4605272,-33.5703198
58,Forestry,Mixed,Hardwood (Eucalyptus),2.4,77.7,19.9,49.5,5.82,0.38,0.05,41.85,19.41,2.59,14.3,0.3,0.82,4.5,11.1,29.9,0.01,2.53,0.48,33.47,WA,116.51376,-33.74194976
59,Forestry,Mixed,Hardwood (Corymbia),2.2,79.6,18.2,48.7,5.83,0.32,0.04,42.91,19.05,7.6,12.8,0.56,1.66,4.9,7.3,30.0,0.02,0.78,0.95,33.43,WA,116.51376,-33.74194976
60,Forestry,Leaf/twig,Saltbush,10.8,70.3,18.9,42.3,5.36,1.18,0.27,40.09,16.84,31.0,7.3,0.13,0.8,2.8,8.3,5.3,0.01,0.08,0.25,44.03,WA,117.4605272,-33.5703198
61,Forestry,Mixed,Hardwood (Eucalyptus),2.0,77.6,20.4,49.3,5.75,0.33,0.03,42.59,19.04,9.6,15.8,0.39,1.33,6.5,9.0,23.3,0.02,1.22,2.86,29.98,WA,116.51376,-33.74194976
62,Forestry,Mixed,Hardwood (Eucalyptus),3.0,80.7,16.3,49.1,5.86,0.38,0.03,41.63,19.24,1.9,9.3,0.32,0.6,2.0,5.9,41.0,0.01,0.33,0.5,38.14,WA,116.51376,-33.74194976
63,Forestry,Mixed,Hardwood (Eucalyptus),1.3,80.4,18.3,50.5,6.0,0.35,0.03,41.82,20.03,5.2,12.2,0.56,1.15,2.9,16.2,26.3,0.04,1.01,0.37,34.07,WA,116.1312159,-33.95445297
64,Forestry,Mixed,Hardwood (Eucalyptus),2.4,76.4,21.2,50.9,5.79,0.35,0.04,40.52,19.91,1.65,12.0,0.48,1.37,5.0,13.7,31.0,0.03,0.62,0.71,33.44,WA,116.51376,-33.74194976
65,Forestry,Mixed,Softwood (Maritine pine),1.0,79.0,20.0,51.0,6.0,0.0,0.0,42.0,20.0,,,,,,,,,,,,WA,117.4605272,-33.5703198
66,Forestry,Mixed,Softwood (Brutia pine),2.0,80.0,18.0,49.0,5.0,0.0,0.0,44.0,19.0,,,,,,,,,,,,WA,115.7339,-33.7294
67,Forestry,Mixed,Hardwood (Eucalyptus),2.6,78.9,18.5,48.8,5.72,0.26,0.03,42.59,18.83,2.69,10.8,0.33,0.58,1.6,6.6,37.1,0.02,1.05,0.16,39.07,WA,116.1312159,-33.95445297
68,Agricultural,Crop farming,Lucerne stems,3.0,79.6,17.4,47.9,5.96,1.08,0.09,41.97,18.93,3.3,8.8,0.85,3.0,2.7,13.9,31.0,0.05,0.06,1.83,34.51,WA,117.4605272,-33.5703198
69,Agricultural,Crop farming,Wheat straw,2.8,80.1,17.1,47.0,5.84,0.35,0.07,43.94,18.46,2.0,7.2,0.53,35.0,1.0,31.0,4.8,0.02,0.03,0.62,17.8,WA,117.4605272,-33.5703198
70,Industrial Processing,Timber industry,Residues (Softwood),0.4,82.3,17.3,52.1,5.96,0.13,0.02,41.39,20.05,1.2,9.6,13.8,9.1,6.3,17.9,18.0,0.15,1.25,1.98,20.72,QLD,152.6657079,-26.18344803
71,Industrial Processing,Timber industry,Sawdust (Hardwood),0.4,84.4,15.2,50.8,5.9,0.01,0.01,42.88,19.24,2.7,10.9,3.5,7.6,1.6,6.9,34.0,0.14,1.91,2.98,27.77,QLD,152.6657079,-26.18344803
72,Industrial Processing,Timber industry,Woodchips (Softwood),1.4,81.7,16.9,46.9,6.22,0.19,0.04,45.25,18.57,,,,,,,,,,,,VIC,145.9967675,-36.57890775
73,Industrial Processing,Timber industry,Woodchips (Softwood),1.7,82.0,16.3,46.9,6.18,0.1,0.02,45.1,22.26,,,,,,,,,,,,VIC,145.9967675,-36.57890775
74,Industrial Processing,Timber industry,Residue (Particle board),0.3,81.8,17.9,45.8,6.44,3.32,0.06,44.08,18.7,,,,,,,,,,,,VIC,145.9967675,-36.57890775
75,Industrial Processing,Timber industry,Sawdust (Unspecified),0.5,80.6,18.9,45.7,6.51,6.33,0.07,40.89,19.37,,,,,,,,,,,,VIC,145.9967675,-36.57890775
76,Forestry,Leaf/twig,Hardwood (Eucalyptus),2.1,77.9,20.0,51.8,6.13,0.57,0.07,39.33,21.15,14.2,9.4,1.06,2.29,6.0,13.1,21.6,0.06,0.05,0.73,31.51,WA,117.4605272,-33.5703198
77,Forestry,Bark,Hardwood (Eucalyptus),1.5,77.6,20.9,49.0,5.71,0.25,0.08,43.46,19.5,12.5,14.5,0.8,1.86,1.69,11.2,22.4,0.05,0.28,0.33,34.39,WA,117.4605272,-33.5703198
78,Forestry,Stem,Hardwood (Eucalyptus),0.3,86.1,13.6,48.8,5.91,0.16,0.03,44.8,19.45,4.0,20.2,0.41,1.33,1.9,15.8,23.1,0.04,0.62,1.82,30.78,WA,117.4605272,-33.5703198
79,Forestry,Leaf/twig,Hardwood (Eucalyptus),2.6,77.5,19.9,52.4,6.41,1.0,0.06,37.53,21.64,8.0,10.5,0.25,0.76,7.8,15.3,24.2,0.01,0.7,0.29,32.19,WA,116.51376,-33.74194976
80,Forestry,Bark,Hardwood (Eucalyptus),3.0,76.0,21.0,46.8,5.45,0.3,0.03,44.42,18.2,2.64,23.4,0.11,0.28,4.5,5.9,30.7,0.01,1.28,0.2,30.98,WA,116.51376,-33.74194976
81,Forestry,Stem,Hardwood (Eucalyptus),0.4,86.0,13.6,48.6,6.52,0.25,0.02,44.21,19.18,3.2,14.5,0.27,1.02,14.0,18.2,26.4,0.02,1.0,0.46,20.93,WA,116.51376,-33.74194976
82,Forestry,Leaf/twig,Hardwood (Eucalyptus),3.7,79.2,17.1,53.5,6.21,0.83,0.06,35.7,21.67,2.91,8.3,0.47,1.52,2.7,8.7,35.7,0.02,0.55,2.43,36.7,WA,116.51376,-33.74194976
83,Forestry,Bark,Hardwood (Eucalyptus),6.4,73.5,20.1,45.9,5.23,0.34,0.03,42.1,16.51,1.03,9.2,0.25,0.36,1.0,2.65,43.0,0.01,0.19,0.13,42.18,WA,116.51376,-33.74194976
84,Forestry,Stem,Hardwood (Eucalyptus),0.5,86.6,12.9,48.9,6.05,0.13,0.02,44.4,19.02,3.2,12.6,0.47,0.52,8.3,20.3,23.6,0.02,0.24,1.71,29.04,WA,116.51376,-33.74194976
85,Forestry,Leaf/twig,Softwood (Maritine pine),2.4,78.2,19.4,51.5,6.3,1.01,0.09,38.7,20.7,2.09,16.3,2.08,3.5,8.9,17.3,21.2,0.1,0.47,1.88,26.18,WA,117.4605272,-33.5703198
86,Forestry,Bark,Softwood (Maritine pine),2.0,72.4,25.6,52.2,6.04,0.5,0.05,39.21,20.38,2.78,9.9,2.24,4.1,5.6,16.6,27.1,0.11,0.13,0.99,30.45,WA,117.4605272,-33.5703198
87,Forestry,Stem,Softwood (Maritine pine),0.3,84.4,15.3,50.3,6.1,0.21,0.02,43.07,19.66,1.4,16.3,0.54,1.9,4.4,18.6,24.8,0.03,0.24,0.74,31.05,WA,117.4605272,-33.5703198
88,Forestry,Leaf/twig,Softwood (Brutia pine),3.4,77.0,19.6,51.0,6.16,0.49,0.06,38.89,20.12,3.2,4.5,1.12,6.1,2.71,9.9,35.0,0.06,0.05,2.48,34.88,WA,115.7339,-33.7294
89,Forestry,Bark,Softwood (Brutia pine),5.0,74.5,20.5,46.3,5.58,0.3,0.04,42.78,17.58,0.94,3.1,0.46,0.83,0.89,3.9,45.1,0.01,0.01,0.13,44.63,WA,115.7339,-33.7294
90,Forestry,Stem,Softwood (Brutia pine),0.4,83.5,16.1,51.6,6.17,0.49,0.01,41.33,20.02,1.01,4.2,0.56,1.83,1.4,6.2,45.8,0.02,0.05,0.54,38.39,WA,115.7339,-33.7294
91,Forestry,Stem,Hardwood (Eucalyptus),0.4,83.8,15.8,50.2,5.78,0.09,0.02,43.51,18.94,3.2,7.9,0.3,0.6,3.4,13.4,31.6,0.01,1.3,1.47,36.82,ACT,149.0966991,-35.30278805
92,Forestry,Bark,Hardwood (Eucalyptus),1.9,74.7,23.4,50.4,5.42,0.16,0.02,42.1,19.44,2.31,14.0,0.26,0.62,1.0,7.9,34.1,0.01,2.12,0.74,36.94,ACT,149.0966991,-35.30278805
93,Forestry,Stem,Hardwood (Dogwood),0.4,88.6,11.0,51.3,6.09,0.05,0.02,42.14,19.37,2.4,5.7,2.87,10.5,1.3,12.5,24.4,0.47,0.31,11.5,28.05,TAS,147.0586036,-43.02935327
94,Forestry,Stem,Hardwood (Tea tree),0.5,85.4,14.1,50.1,5.91,0.06,0.03,43.4,19.57,6.2,8.0,0.86,2.1,1.3,17.7,24.5,0.04,2.46,1.62,35.22,TAS,147.0586036,-43.02935327
95,Forestry,Bark,Hardwood (Eucalyptus),0.2,88.0,11.8,49.1,5.95,0.09,0.01,44.65,18.71,10.6,6.2,5.2,15.7,3.2,20.4,10.6,0.35,0.86,6.6,20.29,TAS,147.0586036,-43.02935327
96,Forestry,Stem,Hardwood (Eucalyptus),0.1,87.2,12.7,50.3,5.52,0.06,0.02,44.0,19.65,6.8,7.9,2.32,7.0,2.3,13.9,18.1,0.18,4.7,9.1,27.7,TAS,147.0586036,-43.02935327
97,Industrial Processing,Timber industry,Timber waste (Softwood),0.2,86.2,13.6,50.1,6.02,0.05,0.01,43.62,19.25,1.3,7.1,2.62,7.7,1.3,11.5,26.1,0.2,1.34,14.6,26.24,SA,140.7804,-37.8284
98,Industrial Processing,Timber industry,Timber waste (Softwood),0.1,87.4,12.5,51.0,6.07,0.08,,42.75,19.37,,,,,,,,,,,,VIC,143.5919793,-38.31318735
99,Industrial Processing,Timber industry,Timber waste (Softwood),0.7,81.6,17.7,53.8,6.13,0.13,0.02,39.22,21.76,0.05,4.9,0.47,0.92,0.3,2.3,46.7,0.02,1.19,0.54,42.61,QLD,148.8039668,-26.56315519
100,Industrial Processing,Timber industry,Timber waste (Softwood),0.7,81.6,17.7,54.2,6.16,0.11,,38.83,21.76,,,,,,,,,,,,NSW,149.7709993,-30.21985604
101,Industrial Processing,Timber industry,Timber waste (Softwood),0.1,89.0,10.9,54.3,6.63,0.1,,38.87,21.41,,,,,,,,,,,,QLD,145.5026655,-17.61695047
102,Industrial Processing,Timber industry,Timber waste (Softwood),0.1,86.6,13.3,51.1,6.16,0.01,,42.63,19.65,,,,,,,,,,,,QLD,152.8749534,-25.68326039
103,Industrial Processing,Timber industry,Timber waste (Softwood),0.1,85.3,14.6,50.5,6.07,0.08,0.01,43.24,19.5,0.8,7.7,1.12,2.2,1.5,13.2,32.2,0.04,1.55,1.0,38.69,QLD,152.6455929,-26.49856593
104,Industrial Processing,Timber industry,Timber waste (Softwood),0.2,85.4,14.4,50.2,6.12,0.02,,43.46,18.91,,,,,,,,,,,,QLD,145.5026655,-17.61695047
105,Forestry,Bark,Softwood (Cypress pine),4.6,71.4,24.0,56.5,5.55,0.37,,32.98,22.25,,,,,,,,,,,,NSW,149.166643,-30.95793089
106,Industrial Processing,Timber industry,Timber waste (Hardwood),0.2,88.6,11.2,49.3,5.88,0.09,,44.53,18.01,,,,,,,,,,,,VIC,146.7749064,-37.97806838
107,Industrial Processing,Timber industry,Timber waste (Hardwood),0.1,89.3,10.7,48.8,6.09,0.06,,44.95,17.74,,,,,,,,,,,,VIC,145.7367309,-37.19811099
108,Industrial Processing,Timber industry,Timber waste (Hardwood),0.1,89.6,10.4,48.5,6.12,0.03,0.01,45.24,18.19,3.8,7.7,3.0,9.9,0.4,15.9,22.4,1.22,1.51,3.7,30.47,VIC,145.753,-37.865
109,Industrial Processing,Timber industry,Timber waste (Hardwood),0.0,83.9,16.1,49.5,5.88,0.06,,44.56,19.99,,,,,,,,,,,,VIC,145.753,-37.865
110,Industrial Processing,Timber industry,Timber waste (Hardwood),1.3,82.1,16.6,50.3,5.72,0.06,,42.62,19.68,,,,,,,,,,,,QLD,148.5808,-20.405
111,Industrial Processing,Timber industry,Timber waste (Hardwood),0.7,86.6,12.7,49.7,5.91,0.02,,43.67,19.3,,,,,,,,,,,,NSW,152.9387788,-29.72808813
112,Industrial Processing,Timber industry,Timber waste (Hardwood),0.2,89.2,10.6,49.5,5.97,0.07,,44.26,18.56,,,,,,,,,,,,NSW,152.9387788,-29.72808813
113,Industrial Processing,Timber industry,Timber waste (Hardwood),0.2,88.1,11.7,49.7,5.89,0.07,0.01,44.13,17.57,7.0,5.4,3.2,6.9,0.5,2.74,18.1,1.06,0.52,38.2,16.38,NSW,152.9387788,-29.72808813
114,Industrial Processing,Timber industry,Timber waste (Hardwood),0.1,87.8,12.1,50.1,5.91,0.07,0.01,43.81,18.38,10.3,12.0,2.97,9.7,0.67,6.8,19.3,0.2,0.12,11.2,26.74,QLD,148.5808,-20.405
115,Industrial Processing,Timber industry,Timber waste (Hardwood),0.1,84.9,15.0,50.2,5.82,0.03,0.03,43.82,19.5,13.2,1.0,3.1,10.1,0.4,1.76,4.3,0.17,0.19,55.3,10.48,NSW,,
116,Forestry,Mixed,Hardwood (Eucalyptus),1.8,79.8,18.4,49.9,6.15,0.36,0.06,41.73,19.9,11.1,0.12,0.83,5.1,3.3,13.2,20.3,0.05,1.75,3.5,40.75,SA,137.2142,-35.7752
117,Forestry,Mixed,Hardwood (Broombush),2.1,78.6,19.3,52.0,6.16,0.45,0.16,39.13,20.93,18.7,5.2,0.81,4.8,4.7,10.0,15.8,0.05,1.1,4.3,34.54,SA,137.2142,-35.7752
118,Industrial Processing,Other,Macadamia nut shells,0.3,79.6,20.1,52.4,5.7,0.29,0.04,41.27,20.9,1.58,5.5,1.76,5.4,3.5,33.8,9.2,0.08,0.66,8.2,30.32,QLD,152.6657079,-26.18344803
119,Urban Waste,MSW,Food waste (MSW),6.1,77.1,16.9,48.4,6.7,2.94,0.2,34.8,20.3,11.7,2.98,1.12,6.0,18.1,6.12,44.4,0.08,0.05,0.92,8.53,QLD,153.0057,-27.602
120,Urban Waste,MSW,Garden waste (MSW),8.3,69.9,21.8,47.7,5.7,1.24,0.21,36.26,18.7,1.42,6.4,2.46,43.2,4.35,9.92,21.9,0.24,0.13,1.17,8.81,QLD,153.0057,-27.602
121,Urban Waste,MSW,Printing paper (MSW),9.7,74.8,15.5,42.9,5.4,0.13,0.03,41.76,16.3,1.98,1.56,15.5,24.0,0.34,0.65,53.2,0.28,0.05,1.23,1.21,QLD,153.0057,-27.602
122,Urban Waste,MSW,Packaging paper (MSW),12.2,75.4,12.4,41.2,5.2,0.19,0.08,41.04,15.5,1.8,3.27,13.8,21.5,0.28,0.34,55.0,1.46,0.04,0.74,1.77,QLD,153.0057,-27.602
123,Urban Waste,MSW,Packaging plastic (MSW),3.9,91.5,4.6,72.8,9.4,0.34,0.03,11.53,25.9,0.97,2.44,16.9,19.3,2.22,0.12,37.3,16.8,0.08,2.45,1.42,QLD,153.0057,-27.602
124,Urban Waste,MSW,Non-packaging plastic (MSW),1.3,97.8,0.9,83.8,9.5,3.31,0.03,0.96,40.6,0.17,2.77,6.0,17.7,1.01,,54.1,5.8,0.09,3.11,9.25,QLD,153.0057,-27.602
125,Urban Waste,MSW,Textiles (MSW),1.4,81.7,16.9,51.8,6.1,1.74,0.2,38.71,20.9,5.3,3.76,5.3,24.8,4.06,3.72,12.2,29.6,0.05,1.47,9.74,QLD,153.0057,-27.602
126,Urban Waste,MSW,Woody waste (MSW),1.0,80.8,18.2,49.6,6.1,0.17,0.02,43.04,19.5,3.63,4.66,9.1,13.0,1.09,3.28,35.6,9.9,0.21,7.6,11.93,QLD,153.0057,-27.602
127,Urban Waste,MSW,Other combustibles (MSW),20.4,72.3,7.3,56.1,7.0,1.3,0.66,13.95,25.6,20.2,0.73,7.9,46.2,1.51,1.84,10.0,0.58,0.02,0.92,10.1,QLD,153.0057,-27.602
128,Urban Waste,MSW,Combustibles (MSW),7.6,77.4,15.1,52.8,6.4,1.29,0.18,31.0,22.5,10.02,2.27,8.91,28.12,4.35,2.491746032,34.21,1.81,0.04,1.09,6.69,QLD,153.0057,-27.602
129,Urban Waste,Green waste,Shredded green waste,14.2,65.5,20.3,43.9,5.4,0.74,0.12,35.31,17.2,,,,,,,,,,,,QLD,153.0057,-27.602
130,Urban Waste,Green waste,Shredded green waste,7.9,71.1,21.0,47.5,5.2,0.81,0.14,38.0,18.4,,,,,,,,,,,,QLD,153.0057,-27.602
131,Urban Waste,Green waste,Raw Green waste,11.5,68.1,20.4,46.0,5.4,1.02,0.14,35.5,17.7,,,,,,,,,,,,QLD,153.0057,-27.602
132,Urban Waste,Green waste,Shredded green waste,8.0,72.1,19.9,47.2,5.6,0.73,0.11,38.36,16.97,2.73,4.07,5.4,43.5,3.22,7.907936508,19.2,0.49,0.15,2.36,10.97,QLD,153.0057,-27.602
133,Industrial Processing,Timber industry,Woodchips (Hardwood),0.53,83.75,15.72,49.88,5.8,0.08,0.01,43.7,19.41,2.72,8.2,1.68,10.2,2.09,6.341269841,49.3,0.17,0.98,0.95,17.37,QLD,,
134,Urban Waste,Biosolids,Treated biosolids,41.3,50.3,8.4,31.1,4.7,9.82,1.18,11.9,14.0,0.65,8.8,11.1,15.6,36.9,1.447301587,9.9,1.1,0.12,12.1,2.28,QLD,153.0099,-27.5473
135,Industrial Processing,Timber industry,Wood pellet (softwood),0.41,85.4,14.2,52.5,6.3,0.13,0.02,40.64,21.3,3.74,15.5,1.56,6.0,7.2,13.05555556,30.0,0.08,1.2,0.79,20.87,QLD,152.6971,-25.5233
136,Urban Waste,Biosolids,Biosolids pellet,33.9,,,,,,,,,1.28,6.9,10.9,23.0,23.1,0.88031746,10.0,0.93,0.11,15.3,7.6,QLD,153.1488,-27.3799
137,Industrial Processing,Timber industry,Hardwood (Eucalyptus),1.1,82.0,16.8,48.7,5.79,0.68,0.04,43.7,19.25,,,,,,,,,,,,WA,116.882,-30.353
138,Industrial Processing,Other,Hardwood (Eucalyptus),8.0,73.4,18.6,49.0,5.91,0.13,0.09,36.9,19.91,,,,,,,,,,,,WA,117.12,-30.36
139,Industrial Processing,Other,Wood waste and plastics waste,8.41,71.05,20.54,45.49,5.68,1.27,0.17,37.69,18.58,,,,,,,,,,,,QLD,153.2175,-27.7508
140,Industrial Processing,Other,Wood waste and plastics waste,13.59,68.85,17.56,44.65,5.62,1.05,0.16,33.98,17.9,,,,,,,,,,,,QLD,153.2175,-27.7508
141,Agricultural,Other,Algae (Phyllospora),22.69,69.16,8.15,36.1,4.4,0.98,0.95,32.29,13.2,17.63,9.96,0.28,5.26,2.37,29.76,15.51,0.07,0.03,0.33,18.76,VIC,145.2038,-38.4899
142,Agricultural,Other,Algae (Macrocystis),37.86,55.22,6.92,28.4,3.6,1.12,0.9,20.11,10.35,15.08,5.77,0.64,11.7,2.71,42.53,11.51,0.13,0.03,0.6,9.26,VIC,144.9726,-38.4345
